{"doc_id": "e625dc3b-70cf-4d44-aeb8-581d92d70f51", "doc_name": "houby", "doc_version": "8344ef8abd7e837fa428100a1208c54e", "format": "tf_js", "version": 3, "inputs": {"Image": {"dtype": "float32", "shape": [null, 224, 224, 3], "name": "Image:0"}}, "outputs": {"Confidences": {"dtype": "float32", "shape": [null, 4], "name": "e625dc3b-70cf-4d44-aeb8-581d92d70f51.4fbc84fe-9387-4313-bdfa-b7fa8a7ea32b/dense_2/Softmax:0"}}, "tags": null, "classes": {"Label": ["choroše", "holubinky", "hřiby", "muchomůrky"]}, "filename": "model.json", "export_model_version": 1}